-- phpMyAdmin SQL Dump
-- version 5.2.0
-- https://www.phpmyadmin.net/
--
-- Host: localhost:3306
-- Generation Time: Nov 28, 2023 at 01:37 PM
-- Server version: 8.0.30
-- PHP Version: 8.1.10

SET SQL_MODE = "NO_AUTO_VALUE_ON_ZERO";
START TRANSACTION;
SET time_zone = "+00:00";


/*!40101 SET @OLD_CHARACTER_SET_CLIENT=@@CHARACTER_SET_CLIENT */;
/*!40101 SET @OLD_CHARACTER_SET_RESULTS=@@CHARACTER_SET_RESULTS */;
/*!40101 SET @OLD_COLLATION_CONNECTION=@@COLLATION_CONNECTION */;
/*!40101 SET NAMES utf8mb4 */;

--
-- Database: `peaplepertask`
--

-- --------------------------------------------------------

--
-- Table structure for table `categories`
--

CREATE TABLE `categories` (
  `id` int NOT NULL,
  `name` varchar(255) CHARACTER SET utf8mb4 COLLATE utf8mb4_0900_ai_ci DEFAULT NULL
) ENGINE=InnoDB DEFAULT CHARSET=utf8mb4 COLLATE=utf8mb4_0900_ai_ci;

--
-- Dumping data for table `categories`
--

INSERT INTO `categories` (`id`, `name`) VALUES
(18, 'montage'),
(116, 'design'),
(117, 'muck up integration'),
(121, 'testing'),
(122, 'jkbkj'),
(123, 'yassin');

-- --------------------------------------------------------

--
-- Table structure for table `city`
--

CREATE TABLE `city` (
  `id` int NOT NULL,
  `nom` varchar(50) DEFAULT NULL,
  `region_id` int DEFAULT NULL
) ENGINE=InnoDB DEFAULT CHARSET=utf8mb4 COLLATE=utf8mb4_0900_ai_ci;

--
-- Dumping data for table `city`
--

INSERT INTO `city` (`id`, `nom`, `region_id`) VALUES
(1, 'Aïn Harrouda', 6),
(2, 'Ben Yakhlef', 6),
(3, 'Bouskoura', 6),
(4, 'Casablanca', 6),
(5, 'Médiouna', 6),
(6, 'Mohammadia', 6),
(7, 'Tit Mellil', 6),
(8, 'Ben Yakhlef', 6),
(9, 'Bejaâd', 5),
(10, 'Ben Ahmed', 6),
(11, 'Benslimane', 6),
(12, 'Berrechid', 6),
(13, 'Boujniba', 5),
(14, 'Boulanouare', 5),
(15, 'Bouznika', 6),
(16, 'Deroua', 6),
(17, 'El Borouj', 6),
(18, 'El Gara', 6),
(19, 'Guisser', 6),
(20, 'Hattane', 5),
(21, 'Khouribga', 5),
(22, 'Loulad', 6),
(23, 'Oued Zem', 5),
(24, 'Oulad Abbou', 6),
(25, 'Oulad H\'Riz Sahel', 6),
(26, 'Oulad M\'rah', 6),
(27, 'Oulad Saïd', 6),
(28, 'Oulad Sidi Ben Daoud', 6),
(29, 'Ras El Aïn', 6),
(30, 'Settat', 6),
(31, 'Sidi Rahhal Chataï', 6),
(32, 'Soualem', 6),
(33, 'Azemmour', 6),
(34, 'Bir Jdid', 6),
(35, 'Bouguedra', 7),
(36, 'Echemmaia', 7),
(37, 'El Jadida', 6),
(38, 'Hrara', 7),
(39, 'Ighoud', 7),
(40, 'Jamâat Shaim', 7),
(41, 'Jorf Lasfar', 6),
(42, 'Khemis Zemamra', 6),
(43, 'Laaounate', 6),
(44, 'Moulay Abdallah', 6),
(45, 'Oualidia', 6),
(46, 'Oulad Amrane', 6),
(47, 'Oulad Frej', 6),
(48, 'Oulad Ghadbane', 6),
(49, 'Safi', 7),
(50, 'Sebt El Maârif', 6),
(51, 'Sebt Gzoula', 7),
(52, 'Sidi Ahmed', 7),
(53, 'Sidi Ali Ban Hamdouche', 6),
(54, 'Sidi Bennour', 6),
(55, 'Sidi Bouzid', 6),
(56, 'Sidi Smaïl', 6),
(57, 'Youssoufia', 7),
(58, 'Fès', 3),
(59, 'Aïn Cheggag', 3),
(60, 'Bhalil', 3),
(61, 'Boulemane', 3),
(62, 'El Menzel', 3),
(63, 'Guigou', 3),
(64, 'Imouzzer Kandar', 3),
(65, 'Imouzzer Marmoucha', 3),
(66, 'Missour', 3),
(67, 'Moulay Yaâcoub', 3),
(68, 'Ouled Tayeb', 3),
(69, 'Outat El Haj', 3),
(70, 'Ribate El Kheir', 3),
(71, 'Séfrou', 3),
(72, 'Skhinate', 3),
(73, 'Tafajight', 3),
(74, 'Arbaoua', 4),
(75, 'Aïn Dorij', 1),
(76, 'Dar Gueddari', 4),
(77, 'Had Kourt', 4),
(78, 'Jorf El Melha', 4),
(79, 'Kénitra', 4),
(80, 'Khenichet', 4),
(81, 'Lalla Mimouna', 4),
(82, 'Mechra Bel Ksiri', 4),
(83, 'Mehdia', 4),
(84, 'Moulay Bousselham', 4),
(85, 'Sidi Allal Tazi', 4),
(86, 'Sidi Kacem', 4),
(87, 'Sidi Slimane', 4),
(88, 'Sidi Taibi', 4),
(89, 'Sidi Yahya El Gharb', 4),
(90, 'Souk El Arbaa', 4),
(91, 'Akka', 9),
(92, 'Assa', 10),
(93, 'Bouizakarne', 10),
(94, 'El Ouatia', 10),
(95, 'Es-Semara', 11),
(96, 'Fam El Hisn', 9),
(97, 'Foum Zguid', 9),
(98, 'Guelmim', 10),
(99, 'Taghjijt', 10),
(100, 'Tan-Tan', 10),
(101, 'Tata', 9),
(102, 'Zag', 10),
(103, 'Marrakech', 7),
(104, 'Ait Daoud', 7),
(115, 'Amizmiz', 7),
(116, 'Assahrij', 7),
(117, 'Aït Ourir', 7),
(118, 'Ben Guerir', 7),
(119, 'Chichaoua', 7),
(120, 'El Hanchane', 7),
(121, 'El Kelaâ des Sraghna', 7),
(122, 'Essaouira', 7),
(123, 'Fraïta', 7),
(124, 'Ghmate', 7),
(125, 'Ighounane', 8),
(126, 'Imintanoute', 7),
(127, 'Kattara', 7),
(128, 'Lalla Takerkoust', 7),
(129, 'Loudaya', 7),
(130, 'Lâattaouia', 7),
(131, 'Moulay Brahim', 7),
(132, 'Mzouda', 7),
(133, 'Ounagha', 7),
(134, 'Sid L\'Mokhtar', 7),
(135, 'Sid Zouin', 7),
(136, 'Sidi Abdallah Ghiat', 7),
(137, 'Sidi Bou Othmane', 7),
(138, 'Sidi Rahhal', 7),
(139, 'Skhour Rehamna', 7),
(140, 'Smimou', 7),
(141, 'Tafetachte', 7),
(142, 'Tahannaout', 7),
(143, 'Talmest', 7),
(144, 'Tamallalt', 7),
(145, 'Tamanar', 7),
(146, 'Tamansourt', 7),
(147, 'Tameslouht', 7),
(148, 'Tanalt', 9),
(149, 'Zeubelemok', 7),
(150, 'Meknès‎', 3),
(151, 'Khénifra', 5),
(152, 'Agourai', 3),
(153, 'Ain Taoujdate', 3),
(154, 'MyAliCherif', 8),
(155, 'Rissani', 8),
(156, 'Amalou Ighriben', 5),
(157, 'Aoufous', 8),
(158, 'Arfoud', 8),
(159, 'Azrou', 3),
(160, 'Aïn Jemaa', 3),
(161, 'Aïn Karma', 3),
(162, 'Aïn Leuh', 3),
(163, 'Aït Boubidmane', 3),
(164, 'Aït Ishaq', 5),
(165, 'Boudnib', 8),
(166, 'Boufakrane', 3),
(167, 'Boumia', 8),
(168, 'El Hajeb', 3),
(169, 'Elkbab', 5),
(170, 'Er-Rich', 5),
(171, 'Errachidia', 8),
(172, 'Gardmit', 8),
(173, 'Goulmima', 8),
(174, 'Gourrama', 8),
(175, 'Had Bouhssoussen', 5),
(176, 'Haj Kaddour', 3),
(177, 'Ifrane', 3),
(178, 'Itzer', 8),
(179, 'Jorf', 8),
(180, 'Kehf Nsour', 5),
(181, 'Kerrouchen', 5),
(182, 'M\'haya', 3),
(183, 'M\'rirt', 5),
(184, 'Midelt', 8),
(185, 'Moulay Ali Cherif', 8),
(186, 'Moulay Bouazza', 5),
(187, 'Moulay Idriss Zerhoun', 3),
(188, 'Moussaoua', 3),
(189, 'N\'Zalat Bni Amar', 3),
(190, 'Ouaoumana', 5),
(191, 'Oued Ifrane', 3),
(192, 'Sabaa Aiyoun', 3),
(193, 'Sebt Jahjouh', 3),
(194, 'Sidi Addi', 3),
(195, 'Tichoute', 8),
(196, 'Tighassaline', 5),
(197, 'Tighza', 5),
(198, 'Timahdite', 3),
(199, 'Tinejdad', 8),
(200, 'Tizguite', 3),
(201, 'Toulal', 3),
(202, 'Tounfite', 8),
(203, 'Zaouia d\'Ifrane', 3),
(204, 'Zaïda', 8),
(205, 'Ahfir', 2),
(206, 'Aklim', 2),
(207, 'Al Aroui', 2),
(208, 'Aïn Bni Mathar', 2),
(209, 'Aïn Erreggada', 2),
(210, 'Ben Taïeb', 2),
(211, 'Berkane', 2),
(212, 'Bni Ansar', 2),
(213, 'Bni Chiker', 2),
(214, 'Bni Drar', 2),
(215, 'Bni Tadjite', 2),
(216, 'Bouanane', 2),
(217, 'Bouarfa', 2),
(218, 'Bouhdila', 2),
(219, 'Dar El Kebdani', 2),
(220, 'Debdou', 2),
(221, 'Douar Kannine', 2),
(222, 'Driouch', 2),
(223, 'El Aïoun Sidi Mellouk', 2),
(224, 'Farkhana', 2),
(225, 'Figuig', 2),
(226, 'Ihddaden', 2),
(227, 'Jaâdar', 2),
(228, 'Jerada', 2),
(229, 'Kariat Arekmane', 2),
(230, 'Kassita', 2),
(231, 'Kerouna', 2),
(232, 'Laâtamna', 2),
(233, 'Madagh', 2),
(234, 'Midar', 2),
(235, 'Nador', 2),
(236, 'Naima', 2),
(237, 'Oued Heimer', 2),
(238, 'Oujda', 2),
(239, 'Ras El Ma', 2),
(240, 'Saïdia', 2),
(241, 'Selouane', 2),
(242, 'Sidi Boubker', 2),
(243, 'Sidi Slimane Echcharaa', 2),
(244, 'Talsint', 2),
(245, 'Taourirt', 2),
(246, 'Tendrara', 2),
(247, 'Tiztoutine', 2),
(248, 'Touima', 2),
(249, 'Touissit', 2),
(250, 'Zaïo', 2),
(251, 'Zeghanghane', 2),
(252, 'Rabat', 4),
(253, 'Salé', 4),
(254, 'Ain El Aouda', 4),
(255, 'Harhoura', 4),
(256, 'Khémisset', 4),
(257, 'Oulmès', 4),
(258, 'Rommani', 4),
(259, 'Sidi Allal El Bahraoui', 4),
(260, 'Sidi Bouknadel', 4),
(261, 'Skhirate', 4),
(262, 'Tamesna', 4),
(263, 'Témara', 4),
(264, 'Tiddas', 4),
(265, 'Tiflet', 4),
(266, 'Touarga', 4),
(267, 'Agadir', 9),
(268, 'Agdz', 8),
(269, 'Agni Izimmer', 9),
(270, 'Aït Melloul', 9),
(271, 'Alnif', 8),
(272, 'Anzi', 9),
(273, 'Aoulouz', 9),
(274, 'Aourir', 9),
(275, 'Arazane', 9),
(276, 'Aït Baha', 9),
(277, 'Aït Iaâza', 9),
(278, 'Aït Yalla', 8),
(279, 'Ben Sergao', 9),
(280, 'Biougra', 9),
(281, 'Boumalne-Dadès', 8),
(282, 'Dcheira El Jihadia', 9),
(283, 'Drargua', 9),
(284, 'El Guerdane', 9),
(285, 'Harte Lyamine', 8),
(286, 'Ida Ougnidif', 9),
(287, 'Ifri', 8),
(288, 'Igdamen', 9),
(289, 'Ighil n\'Oumgoun', 8),
(290, 'Imassine', 8),
(291, 'Inezgane', 9),
(292, 'Irherm', 9),
(293, 'Kelaat-M\'Gouna', 8),
(294, 'Lakhsas', 9),
(295, 'Lakhsass', 9),
(296, 'Lqliâa', 9),
(297, 'M\'semrir', 8),
(298, 'Massa (Maroc)', 9),
(299, 'Megousse', 9),
(300, 'Ouarzazate', 8),
(301, 'Oulad Berhil', 9),
(302, 'Oulad Teïma', 9),
(303, 'Sarghine', 8),
(304, 'Sidi Ifni', 10),
(305, 'Skoura', 8),
(306, 'Tabounte', 8),
(307, 'Tafraout', 9),
(308, 'Taghzout', 1),
(309, 'Tagzen', 9),
(310, 'Taliouine', 9),
(311, 'Tamegroute', 8),
(312, 'Tamraght', 9),
(313, 'Tanoumrite Nkob Zagora', 8),
(314, 'Taourirt ait zaghar', 8),
(315, 'Taroudannt', 9),
(316, 'Temsia', 9),
(317, 'Tifnit', 9),
(318, 'Tisgdal', 9),
(319, 'Tiznit', 9),
(320, 'Toundoute', 8),
(321, 'Zagora', 8),
(322, 'Afourar', 5),
(323, 'Aghbala', 5),
(324, 'Azilal', 5),
(325, 'Aït Majden', 5),
(326, 'Beni Ayat', 5),
(327, 'Béni Mellal', 5),
(328, 'Bin elouidane', 5),
(329, 'Bradia', 5),
(330, 'Bzou', 5),
(331, 'Dar Oulad Zidouh', 5),
(332, 'Demnate', 5),
(333, 'Dra\'a', 8),
(334, 'El Ksiba', 5),
(335, 'Foum Jamaa', 5),
(336, 'Fquih Ben Salah', 5),
(337, 'Kasba Tadla', 5),
(338, 'Ouaouizeght', 5),
(339, 'Oulad Ayad', 5),
(340, 'Oulad M\'Barek', 5),
(341, 'Oulad Yaich', 5),
(342, 'Sidi Jaber', 5),
(343, 'Souk Sebt Oulad Nemma', 5),
(344, 'Zaouïat Cheikh', 5),
(345, 'Tanger‎', 1),
(346, 'Tétouan‎', 1),
(347, 'Akchour', 1),
(348, 'Assilah', 1),
(349, 'Bab Berred', 1),
(350, 'Bab Taza', 1),
(351, 'Brikcha', 1),
(352, 'Chefchaouen', 1),
(353, 'Dar Bni Karrich', 1),
(354, 'Dar Chaoui', 1),
(355, 'Fnideq', 1),
(356, 'Gueznaia', 1),
(357, 'Jebha', 1),
(358, 'Karia', 3),
(359, 'Khémis Sahel', 1),
(360, 'Ksar El Kébir', 1),
(361, 'Larache', 1),
(362, 'M\'diq', 1),
(363, 'Martil', 1),
(364, 'Moqrisset', 1),
(365, 'Oued Laou', 1),
(366, 'Oued Rmel', 1),
(367, 'Ouazzane', 1),
(368, 'Point Cires', 1),
(369, 'Sidi Lyamani', 1),
(370, 'Sidi Mohamed ben Abdallah el-Raisuni', 1),
(371, 'Zinat', 1),
(372, 'Ajdir‎', 1),
(373, 'Aknoul‎', 3),
(374, 'Al Hoceïma‎', 1),
(375, 'Aït Hichem‎', 1),
(376, 'Bni Bouayach‎', 1),
(377, 'Bni Hadifa‎', 1),
(378, 'Ghafsai‎', 3),
(379, 'Guercif‎', 2),
(380, 'Imzouren‎', 1),
(381, 'Inahnahen‎', 1),
(382, 'Issaguen (Ketama)‎', 1),
(383, 'Karia (El Jadida)‎', 6),
(384, 'Karia Ba Mohamed‎', 3),
(385, 'Oued Amlil‎', 3),
(386, 'Oulad Zbair‎', 3),
(387, 'Tahla‎', 3),
(388, 'Tala Tazegwaght‎', 1),
(389, 'Tamassint‎', 1),
(390, 'Taounate‎', 3),
(391, 'Targuist‎', 1),
(392, 'Taza‎', 3),
(393, 'Taïnaste‎', 3),
(394, 'Thar Es-Souk‎', 3),
(395, 'Tissa‎', 3),
(396, 'Tizi Ouasli‎', 3),
(397, 'Laayoune‎', 11),
(398, 'El Marsa‎', 11),
(399, 'Tarfaya‎', 11),
(400, 'Boujdour‎', 11),
(401, 'Awsard', 12),
(402, 'Oued-Eddahab', 12),
(403, 'Stehat', 1),
(404, 'Aït Attab', 5);

-- --------------------------------------------------------

--
-- Table structure for table `freelances`
--

CREATE TABLE `freelances` (
  `id` int NOT NULL,
  `freelandersNAME` varchar(255) NOT NULL,
  `freelanderCompetences` varchar(300) CHARACTER SET utf8mb4 COLLATE utf8mb4_0900_ai_ci NOT NULL,
  `usersID` int DEFAULT NULL
) ENGINE=InnoDB DEFAULT CHARSET=utf8mb4 COLLATE=utf8mb4_0900_ai_ci;

--
-- Dumping data for table `freelances`
--

INSERT INTO `freelances` (`id`, `freelandersNAME`, `freelanderCompetences`, `usersID`) VALUES
(28, 'Freya Vazquez', 'Consequat Nihil omn', 33),
(29, 'Lee Wilcox', 'Molestiae consequatu', 32),
(30, 'Sloane Gardner', 'Iusto enim dolore ac', 35),
(31, 'Scarlett Watts', 'Sit culpa qui magna', 36),
(32, 'Akeem Weiss', 'Esse asperiores cul', 37);

-- --------------------------------------------------------

--
-- Table structure for table `offres`
--

CREATE TABLE `offres` (
  `id` int NOT NULL,
  `Offresprice` decimal(8,2) NOT NULL,
  `delay` date NOT NULL,
  `freelancesID` int DEFAULT NULL,
  `projectsID` int DEFAULT NULL
) ENGINE=InnoDB DEFAULT CHARSET=utf8mb4 COLLATE=utf8mb4_0900_ai_ci;

-- --------------------------------------------------------

--
-- Table structure for table `projects`
--

CREATE TABLE `projects` (
  `id` int NOT NULL,
  `projectNAME` varchar(255) CHARACTER SET utf8mb4 COLLATE utf8mb4_0900_ai_ci NOT NULL,
  `projrctDescription` varchar(255) NOT NULL,
  `categoriesID` int DEFAULT NULL,
  `souscategoriesID` int DEFAULT NULL,
  `usersID` int DEFAULT NULL
) ENGINE=InnoDB DEFAULT CHARSET=utf8mb4 COLLATE=utf8mb4_0900_ai_ci;

--
-- Dumping data for table `projects`
--

INSERT INTO `projects` (`id`, `projectNAME`, `projrctDescription`, `categoriesID`, `souscategoriesID`, `usersID`) VALUES
(5, 'Lysandra Walton', ' Eaque ab quaerat sae', 122, 25, 32),
(6, 'Stephanie Moreno', ' Nesciunt totam aut ', 122, 22, 33),
(7, 'Demetrius Carroll', ' Dolor esse est sit ', 122, 29, 35),
(8, 'Quin Rodriguez', ' Sit est deserunt aut', 121, 25, 37),
(9, ' nuvu@mailinator.com', 'Ad odio optio minim', 117, 22, 32),
(10, 'Minerva Caldwell', ' Sit neque facilis s', 117, 23, 35),
(11, 'Risa Mcleod', ' Officia laboris fugi', 117, 25, 34),
(12, 'Kennedy Vasquez', ' Sint aut vel veniam', 123, 29, 37),
(13, ' aaaaaaaaaa', ' Elit veniam cupidi', 18, 25, 34),
(14, 'Jared Frederick', ' Ipsa modi aspernatu', 123, 23, 37),
(15, 'Ashely Compton', ' Dolor ut aut aut et ', 18, 27, 33);

-- --------------------------------------------------------

--
-- Table structure for table `regions`
--

CREATE TABLE `regions` (
  `id` int NOT NULL,
  `nom` varchar(50) DEFAULT NULL
) ENGINE=InnoDB DEFAULT CHARSET=utf8mb4 COLLATE=utf8mb4_0900_ai_ci;

--
-- Dumping data for table `regions`
--

INSERT INTO `regions` (`id`, `nom`) VALUES
(1, 'Tanger-Tétouan-Al Hoceïma'),
(2, 'l\'Oriental'),
(3, 'Fès-Meknès'),
(4, 'Rabat-Salé-Kénitra'),
(5, 'Béni Mellal-Khénifra'),
(6, 'Casablanca-Settat'),
(7, 'Marrakech-Safi'),
(8, 'Drâa-Tafilalet'),
(9, 'Souss-Massa'),
(10, 'Guelmim-Oued Noun'),
(11, 'Laâyoune-Sakia El Hamra'),
(12, 'Dakhla-Oued Ed Dahab');

-- --------------------------------------------------------

--
-- Table structure for table `souscategories`
--

CREATE TABLE `souscategories` (
  `id` int NOT NULL,
  `souscategoriesNAME` varchar(255) NOT NULL,
  `categoriesID` int DEFAULT NULL
) ENGINE=InnoDB DEFAULT CHARSET=utf8mb4 COLLATE=utf8mb4_0900_ai_ci;

--
-- Dumping data for table `souscategories`
--

INSERT INTO `souscategories` (`id`, `souscategoriesNAME`, `categoriesID`) VALUES
(22, 'logo', 116),
(23, 'kjxzsnbx', 122),
(24, 'djneslk', 18),
(25, 'xaz;x', 117),
(26, 'oiio', 123),
(27, 'Cally Frazier', 123),
(28, 'Cally Frazier', 123),
(29, 'Isaac Wiggins', 123);

-- --------------------------------------------------------

--
-- Table structure for table `temoignages`
--

CREATE TABLE `temoignages` (
  `id` int NOT NULL,
  `TemoignagesComment` varchar(1000) DEFAULT NULL,
  `usersID` int DEFAULT NULL
) ENGINE=InnoDB DEFAULT CHARSET=utf8mb4 COLLATE=utf8mb4_0900_ai_ci;

--
-- Dumping data for table `temoignages`
--

INSERT INTO `temoignages` (`id`, `TemoignagesComment`, `usersID`) VALUES
(2, ' mohamed tergui', 35),
(3, ' Isaac Wiggins', 35),
(5, ' Jared Frederick Ipsa modi aspernatu qovocy', 35),
(6, ' Ashely Compton Dolor ut aut aut et zitadafa', 34);

-- --------------------------------------------------------

--
-- Table structure for table `users`
--

CREATE TABLE `users` (
  `id` int NOT NULL,
  `username` varchar(255) DEFAULT NULL,
  `password` varchar(255) DEFAULT NULL,
  `email` varchar(250) DEFAULT NULL,
  `city_id` int DEFAULT NULL,
  `id_region` int DEFAULT NULL
) ENGINE=InnoDB DEFAULT CHARSET=utf8mb4 COLLATE=utf8mb4_0900_ai_ci;

--
-- Dumping data for table `users`
--

INSERT INTO `users` (`id`, `username`, `password`, `email`, `city_id`, `id_region`) VALUES
(32, 'gokyfy', 'Amet voluptatem rep', 'cylegumy@mailinator.com', 84, 9),
(33, 'zitadafa', 'Fugiat nostrum repu', 'povi@mailinator.com', 155, 10),
(34, 'buhifuwy', 'Aut aspernatur offic', 'binidi@mailinator.com', 22, 6),
(35, 'rityn', 'Corporis voluptas am', 'relu@mailinator.com', 6, 10),
(36, 'sewyzyfe', 'Minus in est velit ', 'hobe@mailinator.com', 177, 10),
(37, 'qovocy', 'Eum ex aperiam illum', 'hifylaca@mailinator.com', 97, 1),
(38, 'aaaaaaaaaaaaaaaaa', 'Voluptatum dolorem a', 'rufowe@mailinator.com', 77, 5);

-- --------------------------------------------------------

--
-- Table structure for table `villes`
--

CREATE TABLE `villes` (
  `id` int NOT NULL,
  `ville` varchar(40) NOT NULL
) ENGINE=InnoDB DEFAULT CHARSET=utf8mb4 COLLATE=utf8mb4_0900_ai_ci;

--
-- Dumping data for table `villes`
--

INSERT INTO `villes` (`id`, `ville`) VALUES
(1, 'Aïn Harrouda'),
(2, 'Ben Yakhlef'),
(3, 'Bouskoura'),
(4, 'Casablanca'),
(5, 'Médiouna'),
(6, 'Mohammadia'),
(7, 'Tit Mellil'),
(8, 'Ben Yakhlef'),
(9, 'Bejaâd'),
(10, 'Ben Ahmed'),
(11, 'Benslimane'),
(12, 'Berrechid'),
(13, 'Boujniba'),
(14, 'Boulanouare'),
(15, 'Bouznika'),
(16, 'Deroua'),
(17, 'El Borouj'),
(18, 'El Gara'),
(19, 'Guisser'),
(20, 'Hattane'),
(21, 'Khouribga'),
(22, 'Loulad'),
(23, 'Oued Zem'),
(24, 'Oulad Abbou'),
(25, 'Oulad H\'Riz Sahel'),
(26, 'Oulad M\'rah'),
(27, 'Oulad Saïd'),
(28, 'Oulad Sidi Ben Daoud'),
(29, 'Ras El Aïn'),
(30, 'Settat'),
(31, 'Sidi Rahhal Chataï'),
(32, 'Soualem'),
(33, 'Azemmour'),
(34, 'Bir Jdid'),
(35, 'Bouguedra'),
(36, 'Echemmaia'),
(37, 'El Jadida'),
(38, 'Hrara'),
(39, 'Ighoud'),
(40, 'Jamâat Shaim'),
(41, 'Jorf Lasfar'),
(42, 'Khemis Zemamra'),
(43, 'Laaounate'),
(44, 'Moulay Abdallah'),
(45, 'Oualidia'),
(46, 'Oulad Amrane'),
(47, 'Oulad Frej'),
(48, 'Oulad Ghadbane'),
(49, 'Safi'),
(50, 'Sebt El Maârif'),
(51, 'Sebt Gzoula'),
(52, 'Sidi Ahmed'),
(53, 'Sidi Ali Ban Hamdouche'),
(54, 'Sidi Bennour'),
(55, 'Sidi Bouzid'),
(56, 'Sidi Smaïl'),
(57, 'Youssoufia'),
(58, 'Fès'),
(59, 'Aïn Cheggag'),
(60, 'Bhalil'),
(61, 'Boulemane'),
(62, 'El Menzel'),
(63, 'Guigou'),
(64, 'Imouzzer Kandar'),
(65, 'Imouzzer Marmoucha'),
(66, 'Missour'),
(67, 'Moulay Yaâcoub'),
(68, 'Ouled Tayeb'),
(69, 'Outat El Haj'),
(70, 'Ribate El Kheir'),
(71, 'Séfrou'),
(72, 'Skhinate'),
(73, 'Tafajight'),
(74, 'Arbaoua'),
(75, 'Aïn Dorij'),
(76, 'Dar Gueddari'),
(77, 'Had Kourt'),
(78, 'Jorf El Melha'),
(79, 'Kénitra'),
(80, 'Khenichet'),
(81, 'Lalla Mimouna'),
(82, 'Mechra Bel Ksiri'),
(83, 'Mehdia'),
(84, 'Moulay Bousselham'),
(85, 'Sidi Allal Tazi'),
(86, 'Sidi Kacem'),
(87, 'Sidi Slimane'),
(88, 'Sidi Taibi'),
(89, 'Sidi Yahya El Gharb'),
(90, 'Souk El Arbaa'),
(91, 'Akka'),
(92, 'Assa'),
(93, 'Bouizakarne'),
(94, 'El Ouatia'),
(95, 'Es-Semara'),
(96, 'Fam El Hisn'),
(97, 'Foum Zguid'),
(98, 'Guelmim'),
(99, 'Taghjijt'),
(100, 'Tan-Tan'),
(101, 'Tata'),
(102, 'Zag'),
(103, 'Marrakech'),
(104, 'Ait Daoud'),
(115, 'Amizmiz'),
(116, 'Assahrij'),
(117, 'Aït Ourir'),
(118, 'Ben Guerir'),
(119, 'Chichaoua'),
(120, 'El Hanchane'),
(121, 'El Kelaâ des Sraghna'),
(122, 'Essaouira'),
(123, 'Fraïta'),
(124, 'Ghmate'),
(125, 'Ighounane'),
(126, 'Imintanoute'),
(127, 'Kattara'),
(128, 'Lalla Takerkoust'),
(129, 'Loudaya'),
(130, 'Lâattaouia'),
(131, 'Moulay Brahim'),
(132, 'Mzouda'),
(133, 'Ounagha'),
(134, 'Sid L\'Mokhtar'),
(135, 'Sid Zouin'),
(136, 'Sidi Abdallah Ghiat'),
(137, 'Sidi Bou Othmane'),
(138, 'Sidi Rahhal'),
(139, 'Skhour Rehamna'),
(140, 'Smimou'),
(141, 'Tafetachte'),
(142, 'Tahannaout'),
(143, 'Talmest'),
(144, 'Tamallalt'),
(145, 'Tamanar'),
(146, 'Tamansourt'),
(147, 'Tameslouht'),
(148, 'Tanalt'),
(149, 'Zeubelemok'),
(150, 'Meknès'),
(151, 'Khénifra'),
(152, 'Agourai'),
(153, 'Ain Taoujdate'),
(154, 'MyAliCherif'),
(155, 'Rissani'),
(156, 'Amalou Ighriben'),
(157, 'Aoufous'),
(158, 'Arfoud'),
(159, 'Azrou'),
(160, 'Aïn Jemaa'),
(161, 'Aïn Karma'),
(162, 'Aïn Leuh'),
(163, 'Aït Boubidmane'),
(164, 'Aït Ishaq'),
(165, 'Boudnib'),
(166, 'Boufakrane'),
(167, 'Boumia'),
(168, 'El Hajeb'),
(169, 'Elkbab'),
(170, 'Er-Rich'),
(171, 'Errachidia'),
(172, 'Gardmit'),
(173, 'Goulmima'),
(174, 'Gourrama'),
(175, 'Had Bouhssoussen'),
(176, 'Haj Kaddour'),
(177, 'Ifrane'),
(178, 'Itzer'),
(179, 'Jorf'),
(180, 'Kehf Nsour'),
(181, 'Kerrouchen'),
(182, 'M\'haya'),
(183, 'M\'rirt'),
(184, 'Midelt'),
(185, 'Moulay Ali Cherif'),
(186, 'Moulay Bouazza'),
(187, 'Moulay Idriss Zerhoun'),
(188, 'Moussaoua'),
(189, 'N\'Zalat Bni Amar'),
(190, 'Ouaoumana'),
(191, 'Oued Ifrane'),
(192, 'Sabaa Aiyoun'),
(193, 'Sebt Jahjouh'),
(194, 'Sidi Addi'),
(195, 'Tichoute'),
(196, 'Tighassaline'),
(197, 'Tighza'),
(198, 'Timahdite'),
(199, 'Tinejdad'),
(200, 'Tizguite'),
(201, 'Toulal'),
(202, 'Tounfite'),
(203, 'Zaouia d\'Ifrane'),
(204, 'Zaïda'),
(205, 'Ahfir'),
(206, 'Aklim'),
(207, 'Al Aroui'),
(208, 'Aïn Bni Mathar'),
(209, 'Aïn Erreggada'),
(210, 'Ben Taïeb'),
(211, 'Berkane'),
(212, 'Bni Ansar'),
(213, 'Bni Chiker'),
(214, 'Bni Drar'),
(215, 'Bni Tadjite'),
(216, 'Bouanane'),
(217, 'Bouarfa'),
(218, 'Bouhdila'),
(219, 'Dar El Kebdani'),
(220, 'Debdou'),
(221, 'Douar Kannine'),
(222, 'Driouch'),
(223, 'El Aïoun Sidi Mellouk'),
(224, 'Farkhana'),
(225, 'Figuig'),
(226, 'Ihddaden'),
(227, 'Jaâdar'),
(228, 'Jerada'),
(229, 'Kariat Arekmane'),
(230, 'Kassita'),
(231, 'Kerouna'),
(232, 'Laâtamna'),
(233, 'Madagh'),
(234, 'Midar'),
(235, 'Nador'),
(236, 'Naima'),
(237, 'Oued Heimer'),
(238, 'Oujda'),
(239, 'Ras El Ma'),
(240, 'Saïdia'),
(241, 'Selouane'),
(242, 'Sidi Boubker'),
(243, 'Sidi Slimane Echcharaa'),
(244, 'Talsint'),
(245, 'Taourirt'),
(246, 'Tendrara'),
(247, 'Tiztoutine'),
(248, 'Touima'),
(249, 'Touissit'),
(250, 'Zaïo'),
(251, 'Zeghanghane'),
(252, 'Rabat'),
(253, 'Salé'),
(254, 'Ain El Aouda'),
(255, 'Harhoura'),
(256, 'Khémisset'),
(257, 'Oulmès'),
(258, 'Rommani'),
(259, 'Sidi Allal El Bahraoui'),
(260, 'Sidi Bouknadel'),
(261, 'Skhirate'),
(262, 'Tamesna'),
(263, 'Témara'),
(264, 'Tiddas'),
(265, 'Tiflet'),
(266, 'Touarga'),
(267, 'Agadir'),
(268, 'Agdz'),
(269, 'Agni Izimmer'),
(270, 'Aït Melloul'),
(271, 'Alnif'),
(272, 'Anzi'),
(273, 'Aoulouz'),
(274, 'Aourir'),
(275, 'Arazane'),
(276, 'Aït Baha'),
(277, 'Aït Iaâza'),
(278, 'Aït Yalla'),
(279, 'Ben Sergao'),
(280, 'Biougra'),
(281, 'Boumalne-Dadès'),
(282, 'Dcheira El Jihadia'),
(283, 'Drargua'),
(284, 'El Guerdane'),
(285, 'Harte Lyamine'),
(286, 'Ida Ougnidif'),
(287, 'Ifri'),
(288, 'Igdamen'),
(289, 'Ighil n\'Oumgoun'),
(290, 'Imassine'),
(291, 'Inezgane'),
(292, 'Irherm'),
(293, 'Kelaat-M\'Gouna'),
(294, 'Lakhsas'),
(295, 'Lakhsass'),
(296, 'Lqliâa'),
(297, 'M\'semrir'),
(298, 'Massa (Maroc)'),
(299, 'Megousse'),
(300, 'Ouarzazate'),
(301, 'Oulad Berhil'),
(302, 'Oulad Teïma'),
(303, 'Sarghine'),
(304, 'Sidi Ifni'),
(305, 'Skoura'),
(306, 'Tabounte'),
(307, 'Tafraout'),
(308, 'Taghzout'),
(309, 'Tagzen'),
(310, 'Taliouine'),
(311, 'Tamegroute'),
(312, 'Tamraght'),
(313, 'Tanoumrite Nkob Zagora'),
(314, 'Taourirt ait zaghar'),
(315, 'Taroudannt'),
(316, 'Temsia'),
(317, 'Tifnit'),
(318, 'Tisgdal'),
(319, 'Tiznit'),
(320, 'Toundoute'),
(321, 'Zagora'),
(322, 'Afourar'),
(323, 'Aghbala'),
(324, 'Azilal'),
(325, 'Aït Majden'),
(326, 'Beni Ayat'),
(327, 'Béni Mellal'),
(328, 'Bin elouidane'),
(329, 'Bradia'),
(330, 'Bzou'),
(331, 'Dar Oulad Zidouh'),
(332, 'Demnate'),
(333, 'Dra\'a'),
(334, 'El Ksiba'),
(335, 'Foum Jamaa'),
(336, 'Fquih Ben Salah'),
(337, 'Kasba Tadla'),
(338, 'Ouaouizeght'),
(339, 'Oulad Ayad'),
(340, 'Oulad M\'Barek'),
(341, 'Oulad Yaich'),
(342, 'Sidi Jaber'),
(343, 'Souk Sebt Oulad Nemma'),
(344, 'Zaouïat Cheikh'),
(345, 'Tanger'),
(346, 'Tétouan'),
(347, 'Akchour'),
(348, 'Assilah'),
(349, 'Bab Berred'),
(350, 'Bab Taza'),
(351, 'Brikcha'),
(352, 'Chefchaouen'),
(353, 'Dar Bni Karrich'),
(354, 'Dar Chaoui'),
(355, 'Fnideq'),
(356, 'Gueznaia'),
(357, 'Jebha'),
(358, 'Karia'),
(359, 'Khémis Sahel'),
(360, 'Ksar El Kébir'),
(361, 'Larache'),
(362, 'M\'diq'),
(363, 'Martil'),
(364, 'Moqrisset'),
(365, 'Oued Laou'),
(366, 'Oued Rmel'),
(367, 'Ouazzane'),
(368, 'Point Cires'),
(369, 'Sidi Lyamani'),
(370, 'Sidi Mohamed ben Abdallah el-Raisuni'),
(371, 'Zinat'),
(372, 'Ajdir'),
(373, 'Aknoul'),
(374, 'Al Hoceïma'),
(375, 'Aït Hichem'),
(376, 'Bni Bouayach'),
(377, 'Bni Hadifa'),
(378, 'Ghafsai'),
(379, 'Guercif'),
(380, 'Imzouren'),
(381, 'Inahnahen'),
(382, 'Issaguen (Ketama)'),
(383, 'Karia (El Jadida)'),
(384, 'Karia Ba Mohamed'),
(385, 'Oued Amlil'),
(386, 'Oulad Zbair'),
(387, 'Tahla'),
(388, 'Tala Tazegwaght'),
(389, 'Tamassint'),
(390, 'Taounate'),
(391, 'Targuist'),
(392, 'Taza'),
(393, 'Taïnaste'),
(394, 'Thar Es-Souk'),
(395, 'Tissa'),
(396, 'Tizi Ouasli'),
(397, 'Laayoune'),
(398, 'El Marsa'),
(399, 'Tarfaya'),
(400, 'Boujdour'),
(401, 'Awsard'),
(402, 'Oued-Eddahab'),
(403, 'Stehat'),
(404, 'Aït Attab');

--
-- Indexes for dumped tables
--

--
-- Indexes for table `categories`
--
ALTER TABLE `categories`
  ADD PRIMARY KEY (`id`);

--
-- Indexes for table `city`
--
ALTER TABLE `city`
  ADD PRIMARY KEY (`id`),
  ADD KEY `region_id` (`region_id`);

--
-- Indexes for table `freelances`
--
ALTER TABLE `freelances`
  ADD PRIMARY KEY (`id`),
  ADD KEY `usersID` (`usersID`);

--
-- Indexes for table `offres`
--
ALTER TABLE `offres`
  ADD PRIMARY KEY (`id`),
  ADD KEY `freelancesID` (`freelancesID`),
  ADD KEY `projectsID` (`projectsID`);

--
-- Indexes for table `projects`
--
ALTER TABLE `projects`
  ADD PRIMARY KEY (`id`),
  ADD KEY `categoriesID` (`categoriesID`),
  ADD KEY `souscategoriesID` (`souscategoriesID`),
  ADD KEY `usersID` (`usersID`);

--
-- Indexes for table `regions`
--
ALTER TABLE `regions`
  ADD PRIMARY KEY (`id`);

--
-- Indexes for table `souscategories`
--
ALTER TABLE `souscategories`
  ADD PRIMARY KEY (`id`),
  ADD KEY `categoriesID` (`categoriesID`);

--
-- Indexes for table `temoignages`
--
ALTER TABLE `temoignages`
  ADD PRIMARY KEY (`id`),
  ADD KEY `usersID` (`usersID`);

--
-- Indexes for table `users`
--
ALTER TABLE `users`
  ADD PRIMARY KEY (`id`),
  ADD KEY `city_id` (`city_id`),
  ADD KEY `id_region` (`id_region`);

--
-- Indexes for table `villes`
--
ALTER TABLE `villes`
  ADD PRIMARY KEY (`id`);

--
-- AUTO_INCREMENT for dumped tables
--

--
-- AUTO_INCREMENT for table `categories`
--
ALTER TABLE `categories`
  MODIFY `id` int NOT NULL AUTO_INCREMENT, AUTO_INCREMENT=124;

--
-- AUTO_INCREMENT for table `city`
--
ALTER TABLE `city`
  MODIFY `id` int NOT NULL AUTO_INCREMENT, AUTO_INCREMENT=405;

--
-- AUTO_INCREMENT for table `freelances`
--
ALTER TABLE `freelances`
  MODIFY `id` int NOT NULL AUTO_INCREMENT, AUTO_INCREMENT=33;

--
-- AUTO_INCREMENT for table `offres`
--
ALTER TABLE `offres`
  MODIFY `id` int NOT NULL AUTO_INCREMENT;

--
-- AUTO_INCREMENT for table `projects`
--
ALTER TABLE `projects`
  MODIFY `id` int NOT NULL AUTO_INCREMENT, AUTO_INCREMENT=16;

--
-- AUTO_INCREMENT for table `regions`
--
ALTER TABLE `regions`
  MODIFY `id` int NOT NULL AUTO_INCREMENT, AUTO_INCREMENT=13;

--
-- AUTO_INCREMENT for table `souscategories`
--
ALTER TABLE `souscategories`
  MODIFY `id` int NOT NULL AUTO_INCREMENT, AUTO_INCREMENT=30;

--
-- AUTO_INCREMENT for table `temoignages`
--
ALTER TABLE `temoignages`
  MODIFY `id` int NOT NULL AUTO_INCREMENT, AUTO_INCREMENT=7;

--
-- AUTO_INCREMENT for table `users`
--
ALTER TABLE `users`
  MODIFY `id` int NOT NULL AUTO_INCREMENT, AUTO_INCREMENT=39;

--
-- AUTO_INCREMENT for table `villes`
--
ALTER TABLE `villes`
  MODIFY `id` int NOT NULL AUTO_INCREMENT, AUTO_INCREMENT=405;

--
-- Constraints for dumped tables
--

--
-- Constraints for table `city`
--
ALTER TABLE `city`
  ADD CONSTRAINT `city_ibfk_1` FOREIGN KEY (`region_id`) REFERENCES `regions` (`id`);

--
-- Constraints for table `freelances`
--
ALTER TABLE `freelances`
  ADD CONSTRAINT `freelances_ibfk_1` FOREIGN KEY (`usersID`) REFERENCES `users` (`id`) ON DELETE CASCADE ON UPDATE CASCADE;

--
-- Constraints for table `offres`
--
ALTER TABLE `offres`
  ADD CONSTRAINT `offres_ibfk_1` FOREIGN KEY (`freelancesID`) REFERENCES `freelances` (`id`) ON DELETE CASCADE ON UPDATE CASCADE,
  ADD CONSTRAINT `offres_ibfk_2` FOREIGN KEY (`projectsID`) REFERENCES `projects` (`id`) ON DELETE CASCADE ON UPDATE CASCADE;

--
-- Constraints for table `projects`
--
ALTER TABLE `projects`
  ADD CONSTRAINT `projects_ibfk_1` FOREIGN KEY (`categoriesID`) REFERENCES `categories` (`id`) ON DELETE CASCADE ON UPDATE CASCADE,
  ADD CONSTRAINT `projects_ibfk_2` FOREIGN KEY (`souscategoriesID`) REFERENCES `souscategories` (`id`) ON DELETE CASCADE ON UPDATE CASCADE,
  ADD CONSTRAINT `projects_ibfk_3` FOREIGN KEY (`usersID`) REFERENCES `users` (`id`) ON DELETE CASCADE ON UPDATE CASCADE;

--
-- Constraints for table `souscategories`
--
ALTER TABLE `souscategories`
  ADD CONSTRAINT `souscategories_ibfk_1` FOREIGN KEY (`categoriesID`) REFERENCES `categories` (`id`) ON DELETE CASCADE ON UPDATE CASCADE;

--
-- Constraints for table `temoignages`
--
ALTER TABLE `temoignages`
  ADD CONSTRAINT `temoignages_ibfk_1` FOREIGN KEY (`usersID`) REFERENCES `users` (`id`) ON DELETE CASCADE ON UPDATE CASCADE;

--
-- Constraints for table `users`
--
ALTER TABLE `users`
  ADD CONSTRAINT `users_ibfk_1` FOREIGN KEY (`city_id`) REFERENCES `city` (`id`),
  ADD CONSTRAINT `users_ibfk_2` FOREIGN KEY (`id_region`) REFERENCES `regions` (`id`);
COMMIT;

/*!40101 SET CHARACTER_SET_CLIENT=@OLD_CHARACTER_SET_CLIENT */;
/*!40101 SET CHARACTER_SET_RESULTS=@OLD_CHARACTER_SET_RESULTS */;
/*!40101 SET COLLATION_CONNECTION=@OLD_COLLATION_CONNECTION */;
